comprimento|Classe|Classe|Fala
2079|1|E_10|Aqui, ó, ó o retorno, quarenta dias, presta atenção nisso. Olha, e ainda mais eu conheço médico, médico, médico, médico mesmo. Direito, entendeu? Ela é a copiadora. Eu sou amigo dela, eu gosto dela, eu quero bem a ela. Quero bem a todos, mas ela é a copiadora. Eles estão, sabe, fazendo o quê? Dopando, quem quer que seja, com um só remédio! Não pode. O remédio Quer saber mais do que Estamira? Presta atenção. O remédio é o seguinte: Se fez bem, pára. Dá um tempo! Se fez mal vai lá, reclama, como eu fui três vezes. Na quarta vez é que eu fui atendida. Entendeu? Mas eu não quero o mal deles, não! Eles estão copiando! O tal de Diazepan, então! Entendeu? Se eu beber Diazepan, se eu sou louca visivelmente, naturalmente eu fico mais louca! Entendeu agora o tal do Diazepan? Não, eles vai lá e só copeia, uma conversinha qualquer e só copeia! E aí, tó! Ah, que que há, rapaz? Isso não pode, não, senhor! Como é que eu vou ficar todo dia, todo mês, cada marca e eu vou lá apanhar o mesmo remédio! Não pode! É proibido! Não pode! Entendeu agora? E eu não estou brincando, eu estou falando sério! Aqui, ó. Pra você ver como é que é o remédio. Eu ia devolver a ela, porque os seviciados deles porque não sou eu às vezes pode precisar, e está aqui. Porque, na faculdade do Exército, quando eu fui operada aqui, ó Tá enxergando? Aqui, ó! Entendeu? Eles me deram remédio, eu fui lá na faculdade de Botafogo, faculdade do Exército, em Botafogo e devolvi na farmácia. Eu falei com o médico e devolvi! Porque eu não estava precisando desse remédio, porra. Quem sabe sou eu, quem sabe é o cliente, fica seviciando dopando, vadiando pra terra suja maldita, excomungada, desgraçada mais ainda, que que há? Manjado, desmascarado, desgraçado! Porra! Aí, ó, tudo quanto é remédio que ela passou pra mim, eu bebi. As quantias, os limites. Toda coisa tem limite! Esses remédios são da quadrilha da armação do dopante, pra cegar os homens pra querer Deus Deus farsário! Entendeu? Esses remédio são dopante pra querer Deus farsário, entendeu? Ela falou que Deus que livrasse ela, o Trocadilo é ela.
1737|-1|M_1|"Mais ou menos 12 anos passados já era motorista e era voluntária num hospital. E aí conheci uma pessoa, uma senhora muito bacana e um dia ela chegou lá em casa com essa menina pequenininha assim pela mão, e falou: ""Eu tenho um presente pra você"". E eu falei: ""Não vai me dizer, filhinha, que é essa coisinha aí"". Ela falou: ""É esse bichinho do mato aqui, tô trazendo pra você cuidar"". Aí eu falei assim: ""De onde é que ela saiu?"" Aí ela me contou a história da menina que a menina vivia na rua com a mãe, a mãe catava lixo e que o irmão dela mais velho não queria aquela vida pra menina era muito preocupado com isso, e aí ela falou: ""Vou marcar uma reunião com os irmãos para os irmãos te conhecerem porque há um impasse: A irmã quer botar a menina num colégio interno. O irmão acha que ela deve ir para uma casa de família, pra ter um lar. "" Mas o irmão era mais velho, e decidiu que ele é que deveria decidir E, tudo bem, fiquei com a menina. Até então, eu só ouvia falar da Estamira. Que ela era de rua, que ela era mendiga que ela catava lixo, que vivia disso Aí, um ano depois, comecei levar a menina de novo pra mãe ver. O encontro foi dramático demais, demais. A menina tremia igual vara verde quando viu a mãe. Eu falei pra mãe, eu tive de mentir pra mãe me respeitar um pouco e não querer tomar a menina, porque a gente tinha aquele medo ainda. Então eu falei pra mãe que eu era assistente social de um colégio interno do governo e que o juiz que me deu posse da menina, de tirar a menina da rua e inventei uma historinha com o consentimento do Hernani, naturalmente, pra mãe acreditar e não querer levar a menina na marra de volta. Ela queria muito uma família, um lar. Então ela se adaptou com muita garra a nós, muito mesmo."
1720|1|E_18|A minha missão é revelar, seja lá a quem for, doa a quem doer. A minha cabeça trabalha muito mas o Trocadilo fez com que me separasse até dos meus parentes. Eles não tão vendo também, não. Eles estão igual Pilatras fez com Jesus. Já me bateram com pau pra mim aceitar Deus mas esse Deus desse jeito, esse Deus deles esse Deus sujo, esse Deus estuprador esse Deus assaltante de qualquer lugar de tudo quanto é lugar, esse Deus arrombador de casa com esse Deus, eu não aceito! Nem picadinha a carne nem a minha carne picadinha de faca, de facão, de qualquer coisa eu não aceito, não adianta. Eu sou a verdade, eu sou da verdade. Os homens é o superior na terra, o bicho superior. Homem também é bicho, mas é superior. Trocadilo fez isso. Agora vou revelar. Quem quiser me matar, pode matar, não mataram Jesus? Jesus não é bom demais agora, depois que ele morreu? Mas eu não, comigo é esquisito. A solução é fogo. A única solução é o fogo. Queimar tudo os espaços, os seres e pôr outros seres nos espaços. A Terra disse ela falava, ela agora que já tá morta. Ela disse que então ela não seria testemunha de nada. Olha o que que aconteceu com ela. Eu fiquei de mal com ela uma porção de tempo, e falei pra ela que até que ela provasse o contrário. Ela me provou o contrário, a Terra. Ela me provou o contrário porque ela é indefesa. A Terra é indefesa. A minha carne, o sangue, é indefesa, como a Terra. Mas eu, a minha áurea não é indefesa, não. Se queimar os espaço todinho, e eu tô no meio pode queimar. Eu tô no meio, invisível. Se queimar meu sentimento, minha carne, meu sangue se for pra o bem, se for pra verdade, pra o bem pela lucidez de todos os seres, pra mim pode ser agora, nesse segundo. E eu agradeço ainda. 
1544|-1|F1|"Minha mãe, quando ia trabalhar no Jardim Gramacho logo quando ela começou, ela passava duas semanas, às vezes uma semana dormindo ao relento, sei lá como, às vezes em barraca às vezes ao relento mesmo lá em cima, lá na rampa, lá Depois vinha pra casa, tomava banho, se limpava toda bonitinha ficava perfeita, depois voltava de novo, e assim ia. Passou 5 anos assim. Eu e meu irmão, um dia, chamamos ela: ""Mãe, sai dessa vida lá do lixão lá é difícil, a pessoa tem que dormir no relento e coisa e tal"" Aí conversamos: ""É perigoso achar um negócio que fura você, te contamina"". Ela quis sair. Aí ela foi trabalhar no Mar e Terra. E, quando ela saía dia de sexta-feira, sábado, acho assim aí se reunia com os colegas que trabalhava nas firma e ia beber uma cervejinha, coisa e tal. Depois, na hora de ir embora, cada um ia pro teu canto. E ela vinha sozinha. E aí foi estuprada uma vez, no centro de Campo Grande foi estuprada uma segunda vez, aqui nessa mesma rua que eu moro. Na época, não tinha nem luz aqui. Aí falou, né, que o cara fez sexo anal com ela, e ela gritando: ""Pára com isso, pelo amor de Deus!"", ""Que Deus? Esquece Deus!"", o estuprador falava pra ela. E fez sexo de todas as formas que quis com ela e depois mandou: ""Se adianta, minha tia, se adianta"", e mandou ela embora. Aí chorava e contava esse caso, muito revoltada, né? Nesse tempo, ela não tinha alucinação nenhuma não tinha perturbação nenhuma, muito religiosa e acreditava que Deus ia que aquilo que ela tava passando, tipo, era uma provação. Começou a alucinação assim."
1448|1|E_15|Eu, Estamira, visível e invisível. Eu tenho muitos sobrenomes. E esses sobrenomes vêm de todo lugar. Lamentavelmente, o pai da minha mãe é família de Ribeiro tudo polícia, tudo general, tudo não sei o quê, né? Ele é estuprador, ele estuprou a minha mãe. E fez coisa comigo também. A minha depressão é imensa. A minha depressão não tem cura. E, quando eu tinha nove anos eu pedi ele pra comprar uma sandália pra mim pra mim ir na festa é que eu queria a sandália. Ele falou que só comprava se eu deitasse com ele. Eu não gosto do pai da minha mãe porque ele me pegou com 12 anos e me trouxe pra Goiás Velho e lá era um era um bordel. Era um bordel, sabe, e eu prostituí lá. Era da filha dele. Aí, o pai do Hernani, ele me conheceu lá aonde meu avô me deixou, lá no bordel, e aí eu já tinha 17 anos. E gostou demais de mim e deu no meu pé e arrumou uma casa e pôs eu dentro da casa. Mas o pai do Hernani, ele era muito cheio de mulher. Eu peguei e não aguentei. Larguei tudo dentro da casa e só apanhei o menino. Apanhei o menino e vim embora pra Brasília. Eu tava lá na casa da tia lá em Brasília. E apareceu o pai da Carolina lá, o italiano, e levou eu na casa dele. Aí deu certo e, depois, nós foi morar junto. E ele também é cheio de mulher. Eu vivi com ele 12 anos. Tive a Carolina e tive esse que fez o cesário. Esse que fez o cesário nasceu o invisível. E eu acho que o que mais me ajuda é esse que nasceu invisível. Eu, hein, que Deus é esse?
1279|-1|F3|"Eu não condeno nenhum dos três, não. Mas eu falo mesmo de vez em quando eu tenho uma mágoa deles. Se minha mãe criou os dois passando fome, eu achava que ela tinha que ter me criado também. Ela tinha condições de ficar comigo, sim. Só que as pessoas não via isso. Eu via. Eu acho que eu sobreviveria com a minha mãe. A Ângela falou assim pra mim: ""Você quer ir lá ver sua mãe?"" Eu falei assim: ""Quero"". Aí, eu cheguei, olhei para ela assim. Ela tava deitada. Aí ela ficou me olhando. Sabe, eu lembrava da minha mãe, eu lembrava da minha mãe, eu lembrava que eu tinha uma mãe mas um tempão que eu fiquei sem ver a minha mãe. Aí, quando eu vi minha mãe, eu lembro como se fosse hoje ela estava sentada assim na varanda, no chão da varanda. Aí, quando quando eu cheguei, aí ela tava lá, ele falou: ""Olha lá sua mãe"". Aí meu irmão: ""Vai lá ver sua mãe"". Aí, quando eu olhei minha mãe, eu fiquei com muito medo dela. Aí me deu um medo deles me tirar da Ângela e eu ter que voltar pra ela. Aí eu fiquei com medo, fiquei assim: ""Caramba, eu tenho uma mãe assim!"" Até hoje é confuso. Eu não sei o que que é bom. Não sei se foi bom viver com a Ângela. Não sei se foi bom eu ter deixado a minha mãe. Mas a minha mãe, a minha mãe, Estamira, ela merece muita coisa. Ela vai conseguir ainda. "
1266|1|E_17|"Oi, ai Como é que a vida é dura, né, gente? A vida é dura, dura, dura, dura. A vida não tem dó, não. Ela é mau. Por mais que a gente peleja, que a gente quer bem que a gente quer o bem, mais fica destraviado. Aí, ó, tem coisa zoando aqui no meu ouvido. Faz assim E eu acho que é os remédio, entendeu? Porque eu bebo muito remédio, mas muito remédio e eles tudo é dopante, esses remédio. Eu acho que é por isso que eu tô com a língua assim. Desgovernada, eu tô desgovernada. Sabe o que que é uma pessoa desgovernada? Uma pessoa nervosa assim, querendo falar sem poder agoniada. E eu não sei o que que eu faço. Eu já tive pensando em parar um ano sem beber o remédio. Porque tem vez que a minha cabeça tá parecendo sabe o quê? Um copo cheio de Sonrisal, fervendo assim, ó. ""Atesto que Estamira Gomes de Souza portadora de quadro psicótico de evolução crônica alucinações auditivas idéias de influências discurso místico deverá permanecer em tratamento psiquiátrico continuando continuado. "" Bem, a deficiência mental eu acho que tem é quem é imprestável, né? Ora, quem tem problema mental bem, perturbação também é, né? Perturbação, depois eu tive pensando, perturbação também é mas não é deficiência, né? Perturbação é perturbação. Qualquer um pode ficar perturbado. "
1265|1|E_16|Deus estuprador, Deus traidor Trocadilo, que não respeita mãe, que não respeita pai? Eu, hein? Ó, cadê sua tia Maria Rita? Cadê o Hernani, que mora bem ali, na casa da sua mãe? Eu, hein? Não adianta. O que que você sabe de Deus? O que que você sabe de Deus? Você, que está fedendo a ovo! Eu achava que você fosse mais inteligente. Você tem apenas dez anos. Na hora que você ficar grande, você vai ver! Tomara que você fica grande! Tomara que você fica grande! - O quê? É ruim? Você me respeita! Eu não quero perder a paciência! Eu não quero perder a paciência porque você é meu neto! Você tá com Deus enfiado no teu cu? Deus tá enfiado no seu cu pra falar isso pra mim? Você quer saber? Eu tenho 62 anos! Você quer saber mais de Deus do que eu? Eu vou na tua casa porque eu tenho dó da sua mãe! Eu tenho dó da sua mãe porque fui eu que pari ela. Não foi Deus que pariu sua mãe, não! Foi eu! Foi eu que pari! Aqui, ó! Aqui, ó! Aqui que eu pari, foi aqui que eu pari a sua mãe! Aqui, ó! Foi aqui, ó! Eu vou na sua casa por causa disso! Se não, eu não ia, não! Eu estou aqui nessa guarda por causa disso! Fui eu que pari sua mãe, não foi Deus, não! Quem foi que pariu sua mãe fui eu! Você pega teu Deus e vai pro caralho! Vai pro inferno, vai pro céu, vai pro caralho!
1081|-1|F1|"Ela começou a chegar em casa e falar assim: ""Dona Maria"", que é minha sogra ""Você sabe que, quando eu cheguei lá no meu quarto hoje pra trabalhar tinha feito um trabalho de macumba pra mim. Agora você vê se eu acredito nessas coisa, nessas palhaçadas danada o pessoal, em vez de trabalhar pra adquirir as coisa "". Aí pisou na macumba, jogou a tal da macumba fora fez não sei o que lá mais ""Eu vou acreditar nessas coisa nada, que Deus me protege, Deus é tudo. Deus é que me guia e me guarda"". Tá bom. Aí um mês depois começou: ""Tem gente Eu tenho a impressão que tem gente do FBI atrás de mim. Eu tenho a impressão que tem pessoas que tá no Quando eu pego o ônibus, tem pessoas que tá me filmando dentro do ônibus. Eu não sei pra quê. Um tipo com câmara escondida. "" Um dia, sentou lá no quintal da minha sogra, olhou pros pés de coqueiroolhou, olhou, olhou, olhou aí virou pra minha sogra e falou assim: ""Olha, isso é que é o poder. Isso é que é tudo que é real. Isso é que é real."" Naquele dia, acho que ela desistiu mesmo de Deus. E agora é só eu e eu, e o poder real, e acabou."
1013|1|E_11|- Credo em cruz, credo em cruz O meu ouvido não é privada, ô, otário! Otário tem não sei nem o quê! Não sabia que otário tava acontecendo na minha casa. Que que há? Vai tomar no cu! Inferno, vai pro céu, vai pro caralho! Abestalhado, abobado! Vai pra desgraça do caralho! Vai tomar no cu! Abestalhado! Abobado! Meu ouvido não é privada! Dentro da minha casa? Dentro da minha casa, porra ! Eu não caguei essa casa, não. Não foi cagado, não. Foi trabalhado, suado! Dia e noite no sol e na lama, vai pro inferno! Vai pro céu, vai pro caralho, vai tomar no cu! Vai pro caralho, desgraça! Vai pro inferno! Vai pro céu, vai pro caralho! Entra dentro do cu da sua desgraça! Vai pro céu, vai pro inferno, vai pro caralho! Vai tomar no cu! Baixo nível imundo! - Bom, shalom, Adonai. - Vai tomar no rabo! Vai tomar no seu cu, entra dentro do cu da desgraça, da sua desgraça! Esses pastor todinho é vigarista, vadio e vagabundo. Todos eles! Pior do que os padres! Pior do que Absoluta! Consciente, lúcido e ciente. Absoluto!
1005|1|E_14|Todo dia ele deita é lá. E, quando não deixa ele deitar lá, com medo de ele queimar, ele acha ruim. Eu fico com dó demais, ele é muito bom, o João. Entendeu? Eu tenho dó muito dele, ele é muito bom. Ele sabe ler e escrever muito. E, mesmo assim, acontece essas coisa. É o Trocadilo que fez isso com as pessoas. O homem não pode ser incivilizado. Todos os homens têm de ser iguais. Tem que ser comunistas. Comunismo. Comunismo é igualidade. Não é obrigado todos trabalhar num serviço só. Num é obrigado todos comer uma coisa só. Mas a igualidade é a ordenança que deu quem revelou o homem o único condicional. E o homem é o único condicional seja que cor for. Eu sou Estamira, eu não importa, eu podia ser da cor que fosse. Eu formato homem par mas eu sou Estamira, mas eu não admito, eu não gosto que ninguém ofende cores, e nem formosura. O que importa, bonito é o que fez e o que faz. Feio é o que fez e o que faz. Isso é que é feio. A incivilização é que é feio. Comunismo superior. O único comunismo. 
911|-1|F2|"Hoje minha mãe tá do jeito que ela tá, né? Depois de tudo que ela passou na vida. Eu não tô julgando ela, não tô, não tenho raiva dela o que eu tô fazendo, que eu não tô procurando mais ir na casa dela nem conversar com ela é porque toda vez que eu vou falar com ela, ela blasfema   contra Deus. Ela misturou um montão de acho que Deus e religião Clinicamente falando, ela é completamente, né É louca, né? Tem o laudo até médico. Mas, espiritualmente, parece a pessoa acredite ou não acredite, é influência demoníaca, demônios, né? Inventa um montão de nomes, aí faz ela ficar daquele jeito. Então aquilo já tava me cansando, me chateando muito. Então eu falei com Deus, né, na minha fé, na minha oração, falei assim: ""Eu só quero voltar, assim, a ter com minha mãe na casa dela ou em casa só quando o Senhor me der a certeza de que ela tá perdoada liberta e curada pelo Senhor, porque o Senhor pode tudo, né?"" "
879|1|E_7|Trocadilho safado canalha assaltante de poder manjado, desmascarado. Me trata com meu trato, que eu te trato! Me trata com o teu trato, que eu te devolvo o teu trato. E faço questão de devolver em triplo. Onde já se viu uma coisa dessa? A pessoa não pode andar nem na rua que mora! Nem trabalhar dentro de casa! E nem em trabalho nenhum em lugar nenhum! Aonde já se viu? Que Deus é esse? Que Jesus é esse que só fala em guerra e não sei quê? Não é ele que é o próprio Trocadilo? Só pra otário, pra esperto ao contrário, bobado, abestalhado! Quem já teve medo de dizer a verdade, largou de morrer? Largou? Quem anda com Deus dia e noite, noite e dia na boca ainda mais com os deboche, largou de morrer? Quem fez o que ele mandou o que o da quadrilha dele manda, largou de morrer? Largou de passar fome? Largou de miséria? Ah, não dá! Não adianta! Ninguém, nada vai mudar meu ser! 
841|-1|F3|Olha, pra mim, que vivi lá, o Jardim Gramacho é um local de trabalho sei lá, eu tenho uma imagem um pouco macabra daquele lugar onde eu vivi porque eu vivi muita coisa a maioria da parte que eu vivi lá foi ruim. Eu era uma que catava entre os lixos, eu tinha acho que uns seis anos porque eu fui morar com essa minha madrasta, eu tinha sete pra oito já estava fazendo oito. E era horrível, tinha que pedir pedir muito, trabalhar muito pra conseguir um sanduíche, eu lembro. É muito é muito triste, sabe, porque eu saí de perto da minha mãe meu irmão me tirou, e eu já com a cabeça, já cresci pensando em ajudar ela. Mas ela é um pouco difícil de querer se ajudar. Eu, sinceramente se eu pudesse eu não tinha saído de perto da minha mãe. Não tinha mesmo. Mas, se aquele Gramacho continuar, pode contar que ela vai morrer lá. Pode ter certeza.
833|-1|F2|"O meu pai judiou muito dela, disse pra minha mãe assim:""Ou você interna a sua mãe ou a gente não vive junto"". Primeiro, ele chamou a ambulância pra levar minha mãe. Chamou médico com camisa-de-força. Aí o médico falou: ""Não, essa daí não é camisa-de-força, essa daí não precisa"". Tá bom. Aí ele ficou me atentando, me atentando, me atentando até que fez eu levar a minha mãe lá no Engenho de Dentro. Nós fomos de trem Coitada da minha mãe, inocente Tá bom, aí deixei ela lá, no hospício. Quando foi na quinta-feira eu fui lá visitar ela, ela tava com o braço todo roxo. Eu falei: ""O que que foi isso, mãe?"" Ela falou: ""Foi o desgraçado"". Deu choque nela, bateu nela, ela tava com o braço tudo roxo. Aí eu fiquei com dó demais dela, mas deixei ela lá assim mesmo. Falei: ""Depois eu venho, mãe. Venho ver a senhora, buscar a senhora. """
826|1|E_11|Sou louca, sou doida, sou maluca. Eu sou azougada. Sou esses quatro coisas. Mas, porém, consciente, lúcido e ciente sentimentalmente. Só comecei a revelar em 86. Revelar de verdade mesmo, porque era muito abuso. Por isso é que eu tô revelando que o cometa tá dentro da minha cabeça. Sabe o que que significa a palavra cometa? Comandante. Comandante natural. Comandante. E então, conforme A constelação Todo o meio, eles ficou com raiva do cometa, eles tá com raiva do cometa. Há determinados astros perversos astros negativos que está com raiva do cometa porque o cometa achava que ele não deveria procurar uma carcaça como a minha. E aí volta lá. Procurar uma carcaça como, sabe? Maria Israelense, mãe de Jesus! Que concedeu Jesus! Jesus filho de Davi Carvalhense! Mantenha o controle, mantenha o controle! O cometa é grande.
750|0|E_F1|Ela é igualzinha ao pai dela. A cara. - O que que é isso aí, hein? Era uma vida, né? Meu pai eragrosso, temperamental, masera bom. Era bom, gostava muito dela, mas eles brigavam muito. Apesar de parecer gostar muito dela, tinha outros casos, outras mulheres. Uma vida de verdade. Aqui a gente tem de se esforçar vendo essa vida a gente tem de se esforçar pradar força pra ela continuar vivendo, porque eu não acredito que ela esqueceu tudo, eu acho que ela vive nesse mundo pra esquecer o que nós já vivemos. Errou muito ele. Mas, como ele não está aqui pra se defender a gente não pode tá malhando, falando nada, né? Enquanto você estiver, ele está. Mas, mesmo assim, sangue é sangue, pai é pai e ele morreu eu gostando dele. Eu gostava muito dele. 
718|-1|F2|"Aí, no livro de Gênesis, ele fala, pro final, ele fala façamos o homem à nossa imagem segundo a nossa semelhança. E, no Apocalipse, que é o livro final da Bíblia, do Novo Testamento.  ""Enganoso é o coração, mais do que todas as coisas, e perverso quem o conhecerá?"", Jeremias, 17,9. ""Todos nós andávamos desgarrados como ovelhas cada um se desviava pelo seu caminho, mas o Senhor fez cair sobre eles a iniquidade de todos nós. "" Entendeu? ""Há caminho que ao homem parece direito, mas ao fim dele são os caminhos da morte. "" Provérbios, 14,12. ""Porque qualquer que guarda toda a lei, se deslizar em um só ponto é culpado de todos. "" São Tiago, 2,10. - Entendeu? - Que tristeza, hein? Isso aí é o resultado de coisa, né?"
700|1|E_8|Tem o lúcido, daquilo que eu escrevi lá. Que o lúcido é isso aqui. Tem o ciente, o ciente é o saber do qual Jesus não sabe ler, nem escrever mas ele aprendeu toda coisa de tanto ele ver o lucidar. A tua lucideze não te deixa Ver A ilucidez e a lucidez. A lucideze e a ilucidez. Tá bom. E o sentimento, né? Consciente, lúcido e ciente. E tem o sentimento. Tá bom. O que fica pegando, acolhendo, gravando é o sentimento. Agora, por exemplo sentimentalmente, visivelmente, invisivelmente, formato transparente, conforme eu já lá te disse eu estou num lugar bem longe, num espaço bem longe Estamira tá longe. Estamira está em todo lugar. Estamira podia ser irmã ou filha ou esposar de espaço, mas não é. 
686|1|E_18|Ai, ô Sirene, porra! Sirene, porra! Ai! Eu nunca tive sorte. A única sorte que eu tive foi de conhecer o Sr. Jardim Gramacho, o lixão, o Sr. Cisco Monturo que eu amo, eu adoro como eu quero bem os meus filhos e como eu quero bem meus amigos. A mãe não pode ir agora, não. Eu nunca tive aquela coisa que eu sou: Sorte boa. Ô Sirene, ô Sirene, eu não vou agora, não não posso, não. Sirene. Sirene, eu não posso ir agora, não, Sirene! Não posso ir agora, não, Sirene. Puxa vida, Sirene! Dejanir, submergir! Dejanir, submergir! Dejanir, a outra filha minha, filha marítima. São filhas marítimas. Tudo que é imaginário tem, existe, é. Sabia que tudo que é imaginário existe e é e tem? Pois é
658|-1|F2|"Chegou lá, a menina lá falou: ""Não, aqui não dá pra internar, porque aqui não tem esse tratamento"". Tinha de levar pra Engenho de Dentro. Aí fomos pra Engenho de Dentro. Engenho de Dentro, tudo bem. Diz que quem entrar ali não sai, né? Só com a autorização do responsável. Aí, no caso, eu era responsável e comecei a preencher a ficha. Aí não quis aceitar mesmo com os bombeiros lá falando, entendeu, conversando aí, quer dizer, tivemos de voltar e levar ela lá pra Caxias de novo. Aí mandaram eu esperar ela acordar. Quando ela foi acordando, que eu fui: ""Mãe, vamos embora?"", ela já veio me mordendo. Aí eu falei: ""O que que eu posso fazer?"" Deixei ela lá."
639|1|E_7|Eu sou Estamira aqui, ali e lá no inferno, nos infernos, no céu, no caralho em tudo quanto é lugar! Não adianta! Quanto mais essa desgraça, esses piolhos de terra sujaamaldiçoada, excomungada que renegou os homens como único condicional mais ruim eu fico, mais pior eu sou! Perversa eu não sou, não. Mas ruim eu sou! E não adianta! E antes de eu nascer eu já sabia disso tudo! Antes de eu estar com carne e sangue, é claro, se eu sou a beira do mundo! Eu sou Estamira. Eu sou a beira, eu tô lá, eu tô cá, eu tô em tudo quanto é lugar! E todos dependem de mim, todos dependem de Estamira! Todos! E, quando desencarnar, vou fazer muito pior!
629|1|E_0|O Trocadilho amaldiçoado, excomungado, hipócrita, safado canalha, indigno, incompetente, sabe o que que ele fez? Mentir pros homem, seduzir os homem, cegar os homem seduzir os homem, incentivar os homem e depois jogar no abismo. Eita, fogo, tá doido! Foi isso que ele fez. Entendeu? Por isso que eu tô na carne. Pra sabe pra quê? Desmascarar ele com a quadrilha dele todinha. E derrubo! Falo que eu derrubo, eu derrubo mesmo. Quer me desafiar? É ruim, hein? Ele é tão poderoso ao contrário que eu. até depois de a carne velhinha desse jeito, feia desse jeito boba desse jeito, ele ainda quer mais. ai, ai. É mole? Sê bobo, rapaz!
628|1|E_4|"Daqui dois dias isso aqui já tá cheio, igual ali. Eu não gosto de falar ""lixo"", não, né? Mas vamos falar lixo. É cisco, né? É caldinho disso. É fruta, é carne, é plástico fino, é plástico grosso é não sei o que lá mais E aí vai azedando, é laranja, é isso tudo E aí faz esse ""puquê"", sabe? Aí imprensa, azeda, fica tudo danado e faz a pressão também. E aí vem o sol e esquenta, e mais o fogo de baixo, e aí forma o gás. O gás carbônico, entendeu? Do qual o gás carbônico serve pra até pra cozinha, pra qualquer coisa. Mas ele é forte, ele é bravo. Quem não consegue Tem gente que não se habitua com ele. Não dá conta, é tóxico. "
590|1|E_18|Eu, Estamira, eu não concordo com a vida. Eu não vou mudar o meu ser, eu fui visada assim. Eu nasci assim, e eu não admito as ocorrências que existe que tem existido com os seres sanguíneos carnívoros, terrestre. Não gosto de erros, não gosto de suspeitas não gosto de judiação, de perversidade não gosto de humilhação não gosto de imoralidade. O fogo, ele está comigo agora, ele está me queimando ele está me testando. Sentimento, todos astros têm sentimento. Este astro aqui, Estamira, não vai mudar o ser. Não vou ceder o meu ser a nada. Eu sou Estamira, e tá acabado, é Estamira mesmo. 
560|1|E_10|"A doutora me perguntou se eu ainda tava escutando as voz que eu escutava. E eu escuto os astros as coisas, os pressentimento das coisa e tem hora que eu fico pensando como é que eu sou lúcida. Estamira sem carne Estamira invisível vê, vê e sente as coisas tudinho. Por isso que eu sou Estamira mesmo, né? Tem vez que eu fico pensando mas eu não sou um robô sanguíneo, eu não sou um robô. Eu falei pra Dra. Alice: ""Minha cabeça tem hora que parece que dá choque assim, ó"" Não dói, não. Dá agonia, dá choque. Bate assim, igual onda do mar Igualzinho onda do mar."
559|-1|F1|Vivia com meu pai, né? Numa casa boa Meu pai era mestre-de-obra ganhava razoavelmente bem, tinha uma Kombi, tinha uma na época, uma Belina. Ela andava com pecinhas de ouro eu também tinha bastante, meu pai dava Até então, tudo bem. Vivia bem com ele, mas o meu pai judiou muito dela muito, muito dela mesmo, com traição levava mulher até dentro de casa, dizendo que era colega. Aí ela não aceitou, ela começou a brigar, xingar ele puxou faca pra ela, ela puxou pra ele, aquela brigarada toda. Aí botou a gente pra fora de casa e aí, de lá, começou a luta, né?
504|1|E_0|Isso aqui é um depósito dos restos. Às vezes é só resto. E às vezes vem também descuido. Resto e descuido. Quem revelou o homem como único condicional ensinou ele a conservar as coisas. E conservar as coisas é proteger lavar, limpar e usar mais o quanto pode. Você tem sua camisa. Você está vestido, você está suado você não vai tirar sua camisa e jogar fora. Você não pode fazer isso. Quem revelou o homem como único condicional não ensinou trair não ensinou humilhar não ensinou tirar. Ensinou ajudar. 
502|-1|F2|"Minha avó falava assim, chamava ela de ""Estanira"": ""Estanira, tenha dó de mim, me tira daqui, Estanira!"" A partir do momento que ela largou meu pai a primeira coisa que ela fez, deixou nós na casa não sei de quem no morro lá, e foi buscar minha avó no dia seguinte. E minha avó sempre seguiu com a gente até morrer. Então pra que eu nunca carregasse isso que ela carrega até hoje eu já sabendo dessa história, eu jamais tentei fazer isso. Até hoje ela carrega isso com ela, ela chora até hoje por isso."
494|1|E_2|Jesus correu e escondeu, até desde antes de nascer. O Jesus que eu conheço como Jesus, filho de Maria, filho de Israel filho de rua. Eu já tive dó de Jesus, agora não tenho mais dó. Não tenho mais dó de Jesus mais, não. Eu já tive dó de escravo, não tenho mais dó de escravo também, não. Se eu sou atarantada por Jesus, me chamam de Jesus me chamaram de sangue de barata, me chamam de sangue de Cazuza me chamam de Maria, que é a mãe de Jesus. Que Deus é esse? Que Jesus é esse? Que que é isso?
490|1|E_17|"Engraçado eu não sei se é ""por incrível que pareça"" a palavra certa mas o que eu mais sinto falta na minha vida é a minha mãe. O que eu mais lembro na minha vida, minuto por minuto, é a minha mãe. Um dia a minha mãe me perguntou assim: ""Neném, você já viu eles?"" Eu falei: ""Que eles?"" Ela falou: ""Eles é uma porção deles"". Era os astros que atentava ela. Os astros ofensível, negativo que atentava ela. Eu sou do astro positivo, eu não sou do astro negativo. Eu sou do astro positivo útil. "
485|1|E_2|Natal, pra mim, tudo que nasce é natal. E ainda mais essa confusão misturado com o sofrimento de Jesus. Eu não tenho nada contra o homem que nasceu, entendeu? É, pra eles, o que era bom era o Deus. Depois eu revelei quem é Deus porque eu posso, felizmente sem prevaleção, sem repugnância, com muito orgulho, com muita honra Estamira, eu. Posso revelar, revelei porque posso porque sei, consciente, lúcido e ciente quem é Deus o que que é Deus e o que que significa Deus e outros mais. 
435|1|E_0|Miséria, não. Mas as regras, sim. Economizar as coisas é maravilhoso. Porque quem economiza tem. Então as pessoas têm que prestar atenção no que eles usam no que eles têm. Porque ficar sem é muito ruim. O Trocadilo fez duma tal maneira que, quanto menos as pessoas têm mais eles menosprezam, mais eles jogam fora. Quando menos eles têm. Eu, Estamira, sou a visão de cada um. Ninguém pode viver sem mim. Ninguém pode viver sem Estamira.
432|-1|N_E|Nicolau, Chicolico Bolinha, Catraca, Neguinho. Onde eu moro? Onde eu moro, eu moro mais aqui na rampa. Mas tem muito lugar pra poder morar, pô. Eu não vou porque não quero. Eu me sinto satisfeito com meus bichinho. Não tenho aborrecimento nenhum aqui. Eu conheço todo mundo todo mundo tem intimidade comigo, eu tenho com eles, né? Vambora, um atrás do outro, pra cá. Vambora, vambora, vambora! Um atrás do outro. Vocês sumiram, pô. 
427|-1|F1_F2|Deus que me livre mas ela morrerá mais feliz se for no meio da rua do que numa clínica lá. Ela prefere viver dois anos livre do que viver cinco anos bem, trancada num lugar, você sabe disso. Você não está me entendendo. Isso aí não vou dizer que ela vai ficar a vida, o resto da vida o pouco ou, sei lá, o muito que ela tiver. Ela vai ficar até pelo menos ela entendeu? Ela O que eu acho mais o problema dela é sistema nervoso.
419|1|E_1|Eles levaram meu pai no 43, aí nunca mais meu pai voltou. Entendeu? Meu pai chamava eu de tanto nomezinho. Chamava eu duns nome engraçado Merdinha neném fiinha do pai Tem nada, não. É comigo. Aí então depois, sabe o que que eles falaram? Depois eles falaram que meu pai morreu. Aí então minha mãe ficou pra cima e pra baixo, pra cima e pra baixo comigo. Judiação, não é? Coitada da minha mãe, mais perturbada do que eu.
406|1|E_2|O além dos além é um transbordo. Você sabe o que que é um transbordo? Bem, toda coisa que enche transborda. Então o poder superior real, a natureza superior contorna tudo pra lá, praquele lugar, assim como as reservas. Tem as reservas, é nas beirada, entendeu como é que é? Nas beiradas ninguém pode ir, homem pode ir lá. E aqueles astros horroroso irrecuperável, vai tudo pra lá, não sai de lá mais nunca.
404|-1|F2|Seu Leopoldo, o falecido Leopoldo Fontanive, meu pai de criação ele não deu dinheiro nenhum pra ajudar minha mãe, não. Então aí eu fiquei ligando a semana toda pra esses hospital, né que trata da cabeça das pessoas, pra ver se tinha vaga pra poder internar ela, eu tinha combinado com ele assim. Aí fui no hospital lá de Caxias fui primeiro com o velho, né, fui no carro dele. Aí consegui uma ambulância.
403|0|E_F1|- Ela é contra Jesus e contra Deus. E você? Eu não sou contra. Presta atenção - Mãe, cada um tem um ponto de vista. - Que ponto de vista, porra nenhuma! Deixa de ser otária! Ainda está com isso ainda? Olha essa porra aí, ó. - Cada um tem um ponto de vista. - Deixa de ser abestalhada! Deixa de ser otária. Jesus, nem filho Eu não sou contra ele, pelo contrário, eu tenho dó. Eu tenho dó dele, entendeu? 
403|-1|N_E| - Pode falar, não tem problema, não. - Pode falar, pode falar, Estamira. Não é por mim - Uai, eu não tô falando nada. Pois eu eu não tô orientando ninguém, nem quero orientar ninguém. Eu tô alertando porque eu tenho a impressão Entendeu só? To bêbado demais. Eu bom, eu não sou ninguém, não. Eu bom é outra coisa. Mas eu considero todo mundo, respeito todo mundo, entendeu, cara? Sou respeitador, sabe?
402|-1|N_E|Bora, bora, bora, Nicolau. Um atrás do outro. Esse é o Pingueleto. Esse é o Teobaldo, pô. Muito conhecido aqui, rapaz, na rampa aqui, com todo mundo aqui. Pode perguntar quem é o Pingueleto, que todo mundo sabe. Meu nome verdadeiro é Teobaldo dos Santos. E aí, Pinguelo? Tá dando mole, né, Pinguelo? Nunca fui preso, não devo nada a ninguém. Eu não tenho irmão nenhum, irmão que eu tenho é só Deus, só.
401|1|E_11|É por isso que eu passo mal, a carcaça, a carne. Porque ela é muito grande. Ele não é do tamanho que vocês vê. Daqui, ele não é lá no alto espaço, não. Lá no alto espaço é o reflexo ele é aqui embaixo! Ele não é lá em cima, não, é aqui embaixo. Lá o que vocês vê é o reflexo. A lua é lá no morro acolá, ó. Não é lá, não, assim não, é o reflexo, é o contorno. Mantenha o controle. Mantenha o controle. 
384|1|E_2|Pra esse lugar que estou falando. Além dos além. Lá pras beiradas, muito longe, muito, muito longe, muito longe. Sanguíneo nenhum pode ir lá. Vocês não vai entender de uma só vez, que eu sei. Por isso que ainda estou aqui visível, formato homem par. Homem par. Não estou formato homem ímpar. Formato homem ímpar é vocês. Formato par é as mãe. As mãe é formato par. E os ímpar é o pai.
384|0|E_F1|- Bem faz ele. Já começou, caiu. - Aí, caiu, caiu, caiu! Caiu em contradição, não é? - Está seviciado, caiu. - A Bíblia fala que Que Bíblia? Papel aceita até levar no banheiro. Papel é indefeso! Tá pior que eu. Pior é quando a pessoa usa o nome de Deus pra fazer piada pra enganar os outros, entendeu? - E pra debochar. Estopa, estopa, que senão a gente fica aqui até amanhã de manhã.
381|-1|F2|Aí fomos pra lá. Fomos lá pro lixão, aí, chegou lá, até os bombeiros estavam com medo de encostar a mão nela, porque ela queria morder e tudo. Começou a gritar nome de entidades de macumba, né, e daquele jeito chega espumando, né, parecendo bicho mesmo gritando, aí eles pegaram com uma corda e amarraram ela com a mão pra trás assim, e enrolaram. Aí fomos pro hospital de Caxias. 
379|1|E_A|E se eu não fosse casada e esse senhor não fosse casado, eu casava com esse senhor. E, se eu não fosse casado, eu casava com ela. Opa! Casei muitas vezes já, tô separado e não quero saber mais de mulher, não. - Prefiro ficar sozinho e teso - A punheta? Isso, estou com a punheta, que é melhor, pô. Eu te avisei, cabra safado! Me respeita, cabra safado! Já era. Matou todo mundo. 
348|1|E_16|Eu sou perfeita. Eu sou perfeita. Meus filhos são comum. Eu sou perfeita! Eu sou melhor do que Jesus! E me orgulho por isso! Se quiser fazer comigo pior do que fez com o tal de Jesus pode fazer! A morte é maravilhosa. A morte é dona de tudo. A morte é dona de tudo. - Deus! Quem fez Deus foi os homens! Eu tô vendo menina-rã! Eu tô vendo menina-rã!
338|1|E_1|Ah, o controle remoto. Tem o controle remoto superior, natural e tem o controle remoto artificial. O controle remoto é uma força quase igual, assim mais ou menos igual à luz, à força elétrica, à eletricidade, sabe? Agora é o seguinte, no homem, na carne e no sangue tem os nervos. Os nervos da carne sanguínea vêm a ser os fios elétrico. 
334|1|E_0|Vocês é comum, eu não sou comum. Só o formato é que é comum. Vou explicar pra vocês tudinho agora, pro mundo inteiro. É cegaram o cérebro o gravador sanguíneo de vocês. E o meu, eles não conseguiram porque eu tô formato gente, carne  sangue, formato homem par, eles não conseguiram. A bronca deles é essa, do Trocadilo, do Trocadilo! 
333|1|E_3|As doutrina errada, trocada ridicularizou os homem ridicularizou mesmo, é isso mesmo, e vai me pagar. Entendeu? Fez o homem expor ao ridículo pra eles. Fez do homem pior do que um quadrúpulos! Então que deixasse os homens como fosse antes de ser revelado o único condicional. Vambora, vamo. Vambora. Um atrás do outro! Vambora! Vamo!
331|1|E_2|O controle remoto tudo é um só. Esse controle remoto tem o artificial e tem o natural superior, né? Agora tem o registrador de pensamento, você já viu? Ora, você não viu, rapaz? Você tá brincando comigo. Puxa vida! É a mesma coisa do Eu já te falei! É a mesma coisa do eletroesferograma. A mesma coisa. Escutou? Seu Davola. Trovão.
330|-1|F3|Depois que ela foi, que ela foi para o lixão lá de Caxias eu acho que ela não Ela melhorou muito, assim em relação aos distúrbios. Às vezes ela fala certas coisas que parecem até, assim, verdade que você fica, que te deixa balançado. Mas meu irmão não acha isso, meu irmão acha que ela é totalmente possuída por uma força maligna.
327|1|E_0|Sabe de uma coisa?  O homem, depois que ele fica visível depois que nasce, ele, depois que ele desencarna a carne, se for pro chão dissolve, derrete, fica só os ossos e os raios, os cabelos. E aí ele fica formato a mesma coisa mas só acontece que fica transparente, perto da gente. Meu pai tá perto de mim, minha mãe, os amigos
318|1|E_0|A minha missão além de eu ser a Estamira é revelar a verdade, somente a verdade. Seja mentira seja capturar a mentira e tacar na cara, ou então ensinar a mostrar o que eles não sabem os inocentes. Não tem mais inocente. Não tem. Tem esperto ao contrário. Esperto ao contrário é que tem, mas inocente não tem mais, não.
317|1|E_2|Se eles acham que eu sou feiticeira, eu sou feiticeira mas não sou feiticeira farsária e nem perversa, não. Mas eu sou ruim. Perversa eu não sou, mas ruim eu sou. Sou mesmo e não vou deixar de ser ruim, sem perversidade. Na cobrança, na cobrança. Mas eu conto até três, eu conto até dez, eu tenho o controle superior.
314|1|E_18|"Os homens tá pior do que os quadrúpulos. É a decepção de todos os espaços. A decepção de quem revelou o homem como único condicional. É mole? Me dá uma tristeza, me dá vergonha, me dá nojo! Que que eu faço? Olha, eu já tive vontade de desencarnar! Eu falei: ""Mas, se eu desencarnar, eu não cumpro a minha missão"". "
307|1|E_6|A culpa é do hipócrita, mentiroso esperto ao contrário, entendeu? Que joga a pedra e esconde a mão! Do qual, antes de ontem, eu dei uma briga com meu próprio pai astral! O senhor ouviu? O senhor ouviu o toró? O senhor sabe o que que é um toró? Eu estava brigando! Eu! Eu estava brigando com meu pai astral! 
306|1|E_10|A doutora passou remédio pra raiva. Eu fiquei muito decepcionada, muito triste, muito muito profundamente com raiva dela falar uma coisa daquela. E aí ela disse ainda sabe o quê? Que Deus que livrasse ela que isso é magia, telepatia, a mídia e o caralho. Pô, pra que, pô? Ela me ofendeu demais da quantia. 
299|1|E_8|A desgraçado da família Itália, juntamente com aquele meu filho me pegaram aqui dentro, como se eu fosse uma fera, um monstro algemado! E aquele meu filho ficou contaminado pela terra suja, pelo baixo nível pelo insignificante, parecendo um palhaço lá, lá dentro do hospital! A coisa mais ridícula! 
295|1|E_0|Visivelmente, naturalmente se eu me desencarnar eu tenho a impressão que eu serei muito feliz. E talvez eu poderia ajudar alguém. Porque o meu prazer sempre foi esse: Ajudar alguém, ajudar um bichinho. Tem 20 anos que eu trabalho aqui, eu adoro isso aqui. A coisa que eu mais adoro é trabalhar. 
290|-1|N_E|Está mentindo porque é preguiçoso, tá? Mas eles come melhor de que eu, pô, come melhor de que eu. E, se eu dizer pra você, você não vai acreditar. Come inté melhor do que você, pô. Eu desço lá embaixo e panho água gelada, pô. E tem um isopor ali que eu boto água gelada pra eles tomar, pô. 
278|1|E_A|Eu te amo mas você é indigno, incompetente, e eu não te quero nunca mais! Eu lamento eu te amava eu te queria mas você é indigno, incompetente, otário pior do que um porco sujo! Advirta-se, faça bom prato, deixa-me! Eu prefiro o destrezo. Anda-se! Nunca mais encostarás em mim. 
277|-1|F2|A minha mãe, ela tá, acho que com medo do mundo porque ela falou uma vez assim pra mim, que acha que Deus não existe que, quando fala em Deus, ela fica nervosa. Ela chegou, acho, num determinado tempo da vida dela que se apagou dentro dela a fé, o que falta na minha mãe é fé. 
272|1|E_0|Eu me sinto orgulho e tristeza por isso. Porque eles, os astros negativo, ofensível suja os espaço e quer-me. Quer-me e suja tudo. A criação toda é abstrata. Os espaços inteiros é abstrato. A água é abstrato. O fogo é abstrato. Tudo é abstrato. Estamira também é abstrato.
270|1|E_2|Passei menos mal depois daquele dia, mas depois voltou a atacar. Aqui, ó. Torce assim, ó. É o controle remoto, é a força Olha, a câmara artificia natural não me faz mal. É a artificial que faz mal pra carne. É na costela, é em tudo quanto é lugar. Aí, ó, foi na cabeça. 
250|1|E_8|Aqui, olha. Isso aqui também eu ponho no Isso aqui eu como é purinho, palmito. Veio uma carga muito boa, olha, tá vendo? Eu ponho no molho do macarrão também, tá vendo? E às vezes fica até melhor do que lá no restaurante. Pra quem sabe preparar, né? 
249|1|E_13|- Eu tava verificando uma coisa - Ô, João, por favor, calma. - Uma coisa séria que eu vou falar. - Tá legal. - Eu tô falando aqui, João, por favor. Marcos, eu vou sair fora. - Se arretira, por favor. - Eu vou sair fora, tá, Marcos? Eu vou sair fora.
247|1|E_12|Isso aqui é um disfarce de escravo. Escravo disfarçado de liberto, de libertado. Olha, a Isabel, ela soltou eles, né? E não deu emprego pros escravos, passam fome comem qualquer coisa, igual aos animais e não têm educação. É então é muito triste. 
245|-1|N_E|Olha só, eu não abuso dela, não, tá? Né, Estamira, eu abuso da senhora?- Não, não.- Nunca abusei dela. - Quem? Eu estranhei a senhora? - Então eu tava bebo, né, sô? Pode falar. A hora que ela passar mal aqui. - Pode falar, não tem problema, não.
244|1|E_12|Foi combinado alimentai-vos o corpo com o suor do próprio rosto não foi com sacrifício! Sacrifício é uma coisa. Agora trabalhar é outra coisa. Absoluto. Absoluto! Eu, Estamira, que vos digo ao mundo inteiro. A todos! Trabalhar. Não sacrificar. 
243|1|E_1|Entendeu como é que é? E a coitada da minha mãe não conseguia. Mas também pudera, eu sou Estamira. Se eu não der conta de distinguir a perturbação, eu não sou Estamira eu não era, eu não seria. E ainda teve Intervenção no real radar, verificar
243|1|E_A|Minha namorada é ela, eu vou casar om essa pinguela, vou mesmo. Com a Estamira. Quando ela quiser, pô. Passar o cerol. Porque a idade que ela tem, eu também tenho quase a idade dela. Um bom casamento, né? E não tá bom, pô? Tá bom direito, né? 
234|1|E_5|Felizmente, graças a aqui, eu tenho aquela casinha lá, aquele barraco. Eu acho sagrado o meu barraco, abençoado e eu tenho raiva de quem falar que aqui é ruim. Saio daqui e eu tenho pra onde descansar. Isso é que é a minha felicidade.
234|-1|F1|- Ô, mãe, cadê a cerveja? Você tava batendo boca com tua vó? Já falei que, quando sua vó começa, não tem que discutir nada. Ela começou a falar, cala a boca, fica quieto. - Mãe? Ô, mãe! Como é que faz pra fazer um cafezinho rapidinho?
233|-1|F3|Vamos preparar o macarrão? - Vamos preparar o macarrão. - Então, vamos. Eu vou ser sincera, eu queria cozinhar igual minha mãe, tá? Eu queria cozinhar igual minha mãe, porque minha mãe cozinha bem. Isso aqui eu não dispenso por nada.
228|1|E_8|Amanhã, por causa disso, vou preparar uma bela duma macarronada, entendeu? Macarrão eu já tenho. Deixa eu ver o que que é isso. Agora no momento eu não sei nem o nome disso aqui. Mas é conserva. É preparado lá fora. E boa, sabe?
217|-1|F1_F2|Mas só que, pra ficar lá, teria que ser dopada, amarrada. Pra mim ele é mais forte que eu nesse caso. Se precisar de amarrar e dopar, é com ele mesmo, eu já não Eu acho judiação, não tenho coragem de deixar, entendeu?
213|1|E_8|O controle remoto atacou. Em desde manhã. A noite inteira perturbando, os astros negativo, ofensível Eles tá pelejando pra ver se atinge uma coisa que se chamam de coração, meu, ou então a cabeça, eles tão fodido.
212|1|E_8|Vocês não aprendem na escola, vocês copiam. Vocês aprendem é com as ocorrências. Eu tenho neto com dois anos que já sabe disso. Tem de dois anos e ainda não foi na escola copiar hipocrisias e mentiras charlatais!
200|1|E_2|Você quer saber? Eu não tenho raiva de homem nenhum, eu tenho é dó. Eu tenho raiva sabe do quê? Do Trocadilo, do esperto ao contrário do mentiroso, do traidor. Desse é que eu tenho raiva, ódio, nojo! 
197|1|E_13|Só teve um dia que me estranhou, né? - Teve um dia que me estranhou. - Eu vou falar um negócio aqui. Espera aí, calma! Calma, já chega. Espera aí um pouquinho. - Deixa eu falar um coisa séria aqui.
195|1|E_0|Alá, os morros, as serras, as montanhas Paisagem e Estamira Estamar Esta serra, Estamira está em tudo quanto é canto. Em tudo quanto é lado, até meu sentimento mesmo vê. Todo mundo vê a Estamira.
195|0|E_F1|- Ele já leu um bocadinho, já, tá - Este livro é Testemunha de Jeová. Eu leio muito livro, eu leio de todas as igrejas de todas religiões, pra poder ter um parecer. - Eu faço um estudo, entendeu?
194|1|E_8|Tão poderoso ao contrário, o hipócrita, o safado traidor, mentiroso, manjado, desmascarado que se mete com a minha carne visível, com a minha camisa sanguíneacarnífica, Estamira, eles tá fodido.
185|1|E_1|Agora os deuses, que são os cientistas técnico eles controla ele vê aonde ele conseguiu. Os cientistas, determinados trocadilos, ele consegue porque o controle remoto não queima, torce.
181|-1|F1|Maria Rita, entra aqui! - Boa tarde. - Boa tarde, cara do pai. - Trem bonito. - Tudo bem? - Mas pra que demorou desse tanto? - O carro que enguiçou. - A senhora está bem, mãe? - Tô.
177|1|E_5|Bem, quando eu fui no Goiás, sabe o que que aconteceu? Foi dois PM pra bater em mim. Uai, porque queria que eu aceitasse Jesus no peito e na raça.- É! E Deus no peito e na raça 
166|0|E_F1|Mãe, só tô falando que eu tenho meu ponto de vista, a senhora tem o seu.Que ponto de vista o quê? Ponto de vista errado! A senhora gosta do rosa, eu gosto do amarelo.
161|1|E_8|Eu não vivo por dinheiro, eu faço dinheiro. Eu é que faço, é você que faz. Eu não vivo pra isso, por isso. Eu é que faço, não tá vendo eu fazer? Entendeu agora? 
160|1|E_1|Bem, mas então agora vamos. Eu nasci no sete do quatro do 41, a carne e o sangue, o formato. Formato homem par, mãe e avó. E aí então, sabe o que que aconteceu?
156|1|E_3|Eu transbordei de raiva. Eu transbordei de ficar invisível com tanta hipocrisia, com tanta mentira, com tanta perversidade com tanto trocadilo eu, Estamira!
153|1|E_0|Felizmente, nesse período que eu comecei a revelar e cobrar a verdade, sabe o que que acontece? Felizmente tá quase todo mundo alerta. Erra só quem quer.
153|-1|N_E|Minha parada é aqui. Aqui o meu pombo aqui. Aqui tá dentro aqui, ó. Comida não falta, aqui. Quem falar que falta comida aqui na rampa aqui está mentindo.
148|1|E_0|Ó, eu tô vendo. A gente fica formato transparente e vai. Vai como se fosse um pássaro, voando. Ó, lá em casa eu vejo é muito, vai muito lá em casa. 
148|-1|F1|Minha irmã Maria Rita é uma grande preocupação para minha mãe, né? Porque já está com 21 anos e ainda não conseguiu acho que não conseguiu se achar.
146|1|E_0|Tem o eterno, tem o infinito, tem o além, tem o além dos além. O além dos além vocês ainda não viram. Cientista nenhum ainda viu o além dos além. 
146|1|E_2|E é mesmo. Ai Lá vem relâmpago. Lá em casa ele sai de debaixo da cama. Aí faz bum! Ban! Aí o relâmpago faz prá! Ô, trem danado de bom! Tempestade 
146|1|E_8|Tá fodido comigo até pra lá dos ex-quinto dos inferno! Aí que descarregaram uma coisa muito importante aqui que é o de comer, enlatados, conservas
142|-1|Neto|Ô, vó, por que que a senhora tem tanta raiva assim de Deus? O que que ele fez pra senhora? Mas sem ele você não podia estar aqui agora também.
132|1|E_1|O cientista tem o medidor que controla igual ao ferro. O ferro ali, aquele que tem os número, tem pra lã, tem pra É tão simples, né?
131|0|E_F1|Eu conheço ele desde antes de nascer. Desgraça de tanta burrice! Tanta coisa teimosa, pô! Eu não falei procês lá no hospital? Tudo!
114|-1|F2|E depois que, né, o que ela entende como esse real poder, supremo no caso, que Deus é a posição, porque é supremo 
109|0|E_F1|A senhora sabe o que eu penso, por acaso? - Não é isso que vocês pensam! - A senhora não sabe o que eu penso.
106|0|E_F1|Cor não tem nada a ver com isso! Quem foi que falou que eu não gosto dele? Só não é isso que vocês pensam!
104|-1|F1_F2|Ela não é louca, mas não é completamente 100%, entendeu?- Cadê ela? Está lá fora? - Ela está na cozinha.
102|1|E_9|Ò, tá escutando? B- T-G-P-T-1-4-0-5-9! Câmbio exu! Fala, Mageté, fala! 19-3, pois! 19-3, pois! Tchau. 
99|-1|N_E|Eu quero mais é paz na minha vida. Paz. Sofrimento nunca mais. Feliz Natal. Feliz Natal, mais nada.
92|0|E_F1|Que gosta do rosa, gosta do amarelo o quê! Eu sou obrigada a gostar do rosa igual à senhora?
90|0|E_F1|- Não, de cada um ele tira um ponto. Eu aprendo assim, de acordo com a fé que Deus me deu.
86|1|E_8|Espera aí, que eu tô descendo. Olha lá aonde é que eu estou. Eu estou aqui e estou lá.
80|1|E_6|Depois eu falo com você. Tá dando controle remoto aqui. Aí, tá vendo? Ele entra 
70|1|E_0|Pra cá, joga aqui, ó. Joga aqui no lugar. Puxa vida, joga água em mim.
66|1|E_1|Bem, eu sou perturbada, mas lúcido e sei distinguir a perturbação.
58|1|E_11|Não chega a tanto. Sai da minha frente. Atrapalhando, né? 
55|1|E_11|Que Deus, porra nenhuma! Não sabe nem o que que é Deus!
